province,city,citycode,outbreak_ID,start,end,infection_source,source_country,variant,"Pango  
lineage",Mass_screening_time,infected Source1,dataSource2,dataSource3,dataSource4,dataSource5,dataSource6,,
安徽省,合肥市,340100,26,2022/3/21,2022/4/27,境内关联,上海,omicron,BA.2,,https://3g.163.com/local/article/H2G2VDQ304079BLH.html,,,,,,,
安徽省,芜湖市,340200,26,2022/3/24,2022/4/5,境内关联,上海,omicron,BA.2,4,https://www.sohu.com/a/532865530_121119260,https://view.inews.qq.com/a/20220420A0BBKQ00,,,,,,
安徽省,芜湖市,340200,26,2022/4/17,2022/4/21,境内关联,上海,omicron,BA.2,,https://www.dadasou.com/news/160257.html,,,,,,,
安徽省,淮南市,340400,26,2022/3/27,2022/4/22,境内关联,上海,omicron,BA.2,5,http://hn.bendibao.com/news/202248/4267.shtm,,,,,,,
安徽省,马鞍山市,340500,26,2022/3/14,2022/3/21,境内关联,常州,omicron,BA.2,4,https://www.mas.gov.cn/zxzx/tzgg/20717961.html,https://www.mas.gov.cn/zxzx/tzgg/20707771.html,https://zhidao.baidu.com/question/2211296221018082908.html,,,,,
安徽省,铜陵市,340700,26,2022/3/14,2022/3/31,境内关联,上海,omicron,,8,https://www.tl.gov.cn/zxzx/294/jjdyyqfkzjz/zxtb/202203/t20220314_1801697.html,https://www.tl.gov.cn/zxzx/294/jjdyyqfkzjz/zxtb/202203/t20220330_1820558.html,https://baijiahao.baidu.com/s?id=1727279475509614741&wfr=spider&for=pc,,,,,
安徽省,黄山市,341000,80,2022/5/13,2022/5/22,不详,,omicron,,,https://www.xiaohongshu.com/discovery/item/62809c970000000001024c74,,,,,,,
安徽省,滁州市,341100,26,2022/4/10,2022/4/20,境内关联,上海,omicron,BA.2,4,https://www.chuzhou.gov.cn/zxzx/gsgg/1110039289.html,https://www.chuzhou.gov.cn/zxzx/gsgg/1110056318.html,,,,,,
安徽省,阜阳市,341200,26,2022/3/27,2022/4/15,境内关联,上海,omicron,BA.2,5,http://vip.people.com.cn/albumsDetail?aid=1539135,,,,,,,
安徽省,六安市,341500,81,2022/4/2,2022/4/21,疑似输入,服装厂,omicron,,6,https://baijiahao.baidu.com/s?id=1729806997602245753&wfr=spider&for=pc,http://news.sohu.com/a/539010132_121106991,,,,,,
安徽省,亳州市,341600,67,2022/4/23,2022/4/30,不详,,,,,,,,,,,,
北京市,北京市,110000,2,2020/6/11,2020/7/10,疑似冷链传播,,original,,1,http://henan.china.com.cn/m/2020-10/28/content_41339553.html,,,,,,,
北京市,北京市,110000,8,2020/12/23,2021/1/29,境外输入关联,印度尼西亚,original,,6,http://t.ynet.cn/baijia/30081269.html,,,,,,,
北京市,北京市,110000,14,2021/7/28,2021/8/10,境内关联,,delta,,4,http://wjw.beijing.gov.cn/wjwh/ztzl/xxgzbd/gzbdyqtb/202108/t20210801_2453364.html,http://www.bjchy.gov.cn/dynamic/jxdt/8a24fe837b50fac8017b51c4ccd5004a.html,,,,,,
北京市,北京市,110000,17,2021/10/19,2021/11/15,境内关联,银川,delta,B.1.617.2,1,https://baijiahao.baidu.com/s?id=1714094304806707003&wfr=spider&for=pc,https://baijiahao.baidu.com/s?id=1714316511043863062&wfr=spider&for=pc,,,,,,
北京市,北京市,110000,26,2022/3/7,2022/3/25,境内关联,上海,omicron,BA.2,2,,,,,,,,
北京市,北京市,110000,31,2022/1/15,2022/2/6,冷链/国际邮件,加拿大,delta&omicron,AY.0/BA.1,0,北京溯源结果公布：国际快递中检测出阳性！近一年来多起疫情都是“物传人”！|疫情|新冠肺炎|北京市_新浪新闻 (sina.com.cn),https://baijiahao.baidu.com/s?id=1722542690828414038&wfr=spider&for=pc,,,,,,
北京市,北京市,110000,26,2022/4/3,2022/4/14,境内关联,上海,omicron,BA.2,2,,,,,,,,
北京市,北京市,110000,26,2022/4/20,2022/5/31,境内关联,上海,omicron,BA.2,2,,,,,,,,
福建省,福州市,350100,49,2022/3/17,2022/4/7,境内关联,泉州,omicron,BA.2,10,https://www.sohu.com/a/536132385_118622,http://fz.bendibao.com/news/2022317/61654.shtm,http://pf.53shop.com/m/news/show44925.html,,,,,
福建省,厦门市,350200,15,2021/9/12,2021/10/2,疑似境外输入,新加坡,delta,,10,https://hfpc.xm.gov.cn/xwzx/tzgg/202109/t20210913_2582247.htm,,,,,,,
福建省,厦门市,350200,53,2022/3/11,2022/4/7,不详,,omicron,BA.2/BA.1.1,3,https://view.inews.qq.com/a/20220312A045G500,https://www.xm.gov.cn/zxgg/202204/t20220406_2652852.htm,http://www.xm.gov.cn/jdhy/xwfbh/xmsyqfkqk_20220315/,https://baijiahao.baidu.com/s?id=1727340931610983887&wfr=spider&for=pc,,,,
福建省,莆田市,350300,15,2021/9/10,2021/9/24,疑似境外输入,新加坡,delta,,14,https://www.sohu.com/a/492773909_121106994,,,,,,,
福建省,莆田市,350300,49,2022/3/17,2022/3/29,境内关联,泉州,omicron,BA.2,3,https://baijiahao.baidu.com/s?id=1727880355947327108&wfr=spider&for=pc,https://baijiahao.baidu.com/s?id=1728982969620676669&wfr=spider&for=pc,,,,,,
福建省,泉州市,350500,15,2021/9/11,2021/9/20,疑似境外输入,新加坡,delta,,3,http://health.quanzhou.gov.cn/xxgk/ztlm/xgfyyqfk/yqfkdt/202109/t20210915_2619189.htm,,,,,,,
福建省,泉州市,350500,49,2022/3/13,2022/4/15,丰泽区滨海饭店,疑似境外输入,omicron,BA.2,14,https://www.zhongguojinrongtouziwang.com/zsbk/202204/566549.html,http://pf.53shop.com/m/news/show44925.html,,,,,,
福建省,漳州市,350600,49,2022/3/18,2022/3/29,境内关联,泉州,omicron,BA.2,3,http://zhangzhou.bendibao.com/news/2022330/8207.shtm,https://baijiahao.baidu.com/s?id=1727962089213604670&wfr=spider&for=pc,,,,,,
福建省,宁德市,350900,26,2022/3/30,2022/4/24,境内关联,上海,omicron,BA.2,,疾控,,,,,,,
甘肃省,兰州市,620100,17,2021/10/19,2021/11/9,境内关联,内蒙,delta,,,https://baijiahao.baidu.com/s?id=1714496608886045434&wfr=spider&for=pc,,,,,,,
甘肃省,兰州市,620100,48,2022/3/7,2022/4/5,疑似境外输入,,omicron,,3,http://m.mnw.cn/news/shehui/2597501.html,https://baijiahao.baidu.com/s?id=1726883903096638530&wfr=spider&for=pc,http://www.mnw.cn/news/shehui/2597501.html,,,,,
甘肃省,白银市,620400,47,2022/3/7,2022/3/22,疑似境外输入,,omicron,,3,https://m.53shop.com/mip/newss/146/kes146762.html,http://www.baiyin.gov.cn/ztzl/fkxxgzfybyzxd/art/2022/art_121a2a641d9e4ba3a8886421f7dc009a.html,https://baijiahao.baidu.com/s?id=1728271888756534558&wfr=spider&for=pc,,,,,
甘肃省,天水市,620500,26,2022/3/11,2022/3/26,境内关联,陕西,omicron,BA.2,7,https://baijiahao.baidu.com/s?id=1728872313609510614&wfr=spider&for=pc,,,,,,,
广东省,广州市,440100,12,2021/5/23,2021/6/18,境外输入,英国,alpha,,7,https://baijiahao.baidu.com/s?id=1701275070371582820&wfr=spider&for=pc,http://www.gz.gov.cn/zt/qlyfdyyqfkyz/gzzxd/content/post_7295250.html,http://www.gz.gov.cn/zt/qlyfdyyqfkyz/yfkzzy/fytg/content/post_7733483.html,http://www.gz.gov.cn/zt/qlyfdyyqfkyz/qktb/fygg/content/post_7304162.html,http://www.gz.gov.cn/zt/qlyfdyyqfkyz/yfkzzy/fytg/content/post_7733495.html,http://www.gz.gov.cn/xw/jrgz/content/post_7307009.html,http://www.gz.gov.cn/zt/qlyfdyyqfkyz/yfkzzy/fytg/content/post_7733514.html,
广东省,广州市,440100,26/36,2022/3/30,2022/4/25,境内关联,外省输入,omicron,BA.2,1,4月疫情最新消息动态广州疫情源头在哪里_大学教育网 (nyist.net),2022年4月12日广州11区开展全员核酸检测- 广州本地宝 (bendibao.com),,,,,,
广东省,广州市,440100,60,2022/4/28,2022/5/20,境外输入,机场,omicron,BA.2,,https://baijiahao.baidu.com/s?id=1731820789626045231&wfr=spider&for=pc,https://baijiahao.baidu.com/s?id=1731631196817089887&wfr=spider&for=pc,,,,,,
广东省,深圳市,440300,12,2021/5/21,2021/6/21,境外输入,英国,alpha,,4,http://www.sz.gov.cn/szzt2010/yqfk2020/szzxd/content/post_8810687.html,http://www.sz.gov.cn/cn/xxgk/zfxxgj/gqdt/content/post_8837367.html,http://www.sz.gov.cn/ztfw/ylws/wyk_183937/content/post_8877125.html,http://www.sz.gov.cn/szzt2010/yqfk2020/szzxd/content/post_8900218.html,,,,
广东省,深圳市,440300,27,2022/1/7,2022/1/18,疑似境外物品,,delta,,11,https://m.sz.citys114.com/news/7816.htm,https://www.zhihu.com/question/463684835/answer/1965036239?ivk_sa=1024320u,,,,,,
广东省,深圳市,440300,34,2022/2/12,2022/4/2,境外输入/本土关联,污染入境物品/香港,omicron,BA.2,3,光辉测速：?精准溯源 深圳本轮疫情属境外输入-天富平台 (zcshajunguo.cn),关于做好全市三轮全员核酸检测的通告--防控政策 (sz.gov.cn),,,,,,
广东省,珠海市,440400,29,2022/1/14,2022/1/23,境外输入,污染入境物品（疑似假牙）,omicron,BA.1,3,珠海疫情溯源：不排除因暴露于污染入境物品所致??广东省人民政府门户网站 (gd.gov.cn),珠海全市连续三天每天开展一轮全员核酸检测 - 资讯 - 海外网 (haiwainet.cn),https://baijiahao.baidu.com/s?id=1727839354079095422&wfr=spider&for=pc,,,,,
广东省,佛山市,440600,12,2021/5/27,2021/6/7,境外输入,英国,alpha,,4,http://www.foshan.gov.cn/slhwz/yqfk/content/post_5017460.html,http://www.foshan.gov.cn/zwgk/zwdt/wqdt/ccq/content/post_4836650.html,http://www.foshan.gov.cn/slhwz/yqfk/content/post_5017594.html,http://www.foshan.gov.cn/zwgk/rdzt/yqfkgz/fszxd/content/post_4859714.html,,,,
广东省,佛山市,440600,56,2022/3/27,2022/4/14,境内关联,肇庆,omicron,,1,https://baijiahao.baidu.com/s?id=1728713720623282698&wfr=spider&for=pc,,,,,,,
广东省,湛江市,440800,74,2022/5/6,2022/5/21,境外物品,越南,omicron,,,https://baijiahao.baidu.com/s?id=1732302227302217750&wfr=spider&for=pc,https://www.163.com/dy/article/H743945O05377AFU.html,,,,,,
广东省,肇庆市,441200,56,2022/3/27,2022/4/5,不详,五金厂,omicron,,,,,,,,,,
广东省,东莞市,441900,23,2021/12/14,2021/12/26,境内关联,,delta,,3,,,,,,,,
广东省,东莞市,441900,34,2022/2/25,2022/3/29,境内关联,深圳,omicron,BA.1.1&BA.2,9,http://www.dg.gov.cn/jjdz/xwfb/content/post_3732602.html,http://www.dg.gov.cn/gkmlpt/content/3/3770/post_3770107.html#703,https://baijiahao.baidu.com/s?id=1728689145147407356&wfr=spider&for=pc,,,,,
广东省,中山市,442000,55,2022/3/13,2022/3/24,境内关联,广州,omicron,BA.1.1,1,最新通报：中山病例也是感染奥密克戎，与珠海病例存在时空交集！ (guancha.cn),https://www.86lsw.com/shbt/234391.html,,,,,,
广西省,桂林市,450300,36,2022/3/17,2022/4/2,境内关联,吉林,omicron,BA.2,,https://new.qq.com/omn/20220318/20220318A050BV00.html,,,,,,,
广西省,防城港市,450600,42,2022/2/23,2022/4/1,境外包裹,,omicron,,2,http://www.fcgs.gov.cn/ztbd/fcgsyqzt/xwfbh/202202/t20220227_243758.html,https://baijiahao.baidu.com/s?id=1725987262564615144&wfr=spider&for=pc,,,,,,
广西省,防城港市,450600,42,2022/4/5,2022/5/4,境外包裹,,omicron,,2,http://www.fcgs.gov.cn/ztbd/fcgsyqzt/xwfbh/202202/t20220227_243758.html,https://baijiahao.baidu.com/s?id=1725987262564615144&wfr=spider&for=pc,,,,,,
广西省,钦州市,450700,55,2022/3/13,2022/3/24,境内关联,广州,omicron,BA.1.1,10,http://zwgk.qinzhou.gov.cn/auto2540/gzdt_3159/202203/t20220319_3749501.html,,,,,,,
广西省,百色市,451000,34,2022/2/5,2022/2/16,境内关联,深圳,omicron,BA.2,3,http://www.baise.gov.cn/zwgk/zdlyxxgk/zxgzlsxc/tctjyqfk/fjgz/t11241946.shtml,,,,,,,
广西省,百色市,451000,34,2022/3/4,2022/3/17,境内关联,深圳,omicron,BA.2,2,http://www.baise.gov.cn/zwgk/zdlyxxgk/zxgzlsxc/tctjyqfk/fjgz/t11241946.shtml,,,,,,,
广西省,百色市,451000,34,2022/3/25,2022/4/7,境内关联,深圳,omicron,BA.2,2,http://www.baise.gov.cn/zwgk/zdlyxxgk/zxgzlsxc/tctjyqfk/fjgz/t11241946.shtml,,,,,,,
广西省,崇左市,451400,46,2022/3/11,2022/3/29,环境样本,,omicron,,0,崇左钦州及南宁市江南区通报新冠肺炎疫情处置最新情况|手机广西网 (gxnews.com.cn),广西发现1例核酸检测阳性人员，最新情况来了_腾讯新闻 (qq.com),,,,,,
贵州省,遵义市,520300,26,2022/3/12,2022/3/18,境内关联,杭州,omicron,BA.2,5,http://www.zunyi.gov.cn/ztzl/jjdyyqfkjqz/fkdt_5869659/202203/t20220321_73060300.html,http://www.zunyi.gov.cn/ztzl/jjdyyqfkjqz/fkdt_5869659/202203/t20220312_72949374.html,,,,,,
海南省,海口市,460100,26,2022/3/30,2022/4/6,境内关联,上海,omicron,BA.2,2,http://www.haikou.gov.cn/zfdt/ztbd/2020ztbd/dyyqfkzjz/ywjj/202204/t759636.shtml,http://www.haikou.gov.cn/zfdt/ztbd/2020ztbd/dyyqfkzjz/yqdt/202203/t736429.shtml,http://qionghai.hainan.gov.cn/ywdt/qhxw/202203/t20220312_3154254.html,,,,,
海南省,三亚市,460200,26,2022/3/31,2022/4/15,境内关联,上海,omicron,BA.2,6,http://www.sanya.gov.cn/sanyasite/gggs/202202/0d049ff53e96447d97bc2aced1dead34.shtml,http://www.sanya.gov.cn/sanyasite/gggs/202204/598c1a49f3534d8b84192c517b19162a.shtml,,,,,,
河北省,石家庄市,130100,10,2021/1/2,2021/1/20,境外输入,,original,,5,http://www.mnw.cn/news/shehui/2349255-2.html,,,,,,,
河北省,石家庄市,130100,17,2021/10/23,2021/11/8,境内关联,内蒙,delta,,,http://sjz.bendibao.com/live/20211027/65399.shtm,,,,,,,
河北省,石家庄市,130100,26,2022/3/3,2022/4/7,境内关联,邢台,omicron,BA.2,8,http://m.sjz.bendibao.com/mip/67948.shtm,https://www.sjz.gov.cn/col/1490076478426/2022/03/30/1648603463214.html,https://baijiahao.baidu.com/s?id=1726607725214400825&wfr=spider&for=pc,,,,,
河北省,唐山市,130200,26,2022/3/19,2022/4/1,境内关联,廊坊,omicron,BA.2,13,https://www.sohu.com/a/535522563_121123721,,,,,,,
河北省,唐山市,130200,31,2022/4/18,2022/4/27,境内关联,廊坊,omicron,BA.2,,https://m.gmw.cn/baijia/2022-04/19/1302907822.html,https://baijiahao.baidu.com/s?id=1730616936785662584&wfr=spider&for=pc,,,,,,
河北省,邯郸市,130400,26,2022/4/1,2022/4/25,境内关联,上海,omicron,BA.2,5,https://www.jxxjrb.cn/jining/zixun/2022/0402/00164967.html,http://sjz.bendibao.com/live/2022411/68665.shtm,http://wjw.hd.gov.cn/news/20_37_23900.shtml,,,,,
河北省,邢台市,130500,26,2022/3/3,2022/3/13,境内关联,邯郸,omicron,BA.2,5,https://www.163.com/dy/article/H47IJ69Q0519AR1C.html,,,,,,,
河北省,邢台市,130500,64,2022/4/19,2022/5/6,不详,,,,,,,,,,,,
河北省,保定市,130600,26,2022/3/28,2022/4/14,境内关联,上海,omicron,BA.2,,,,,,,,,
河北省,沧州市,130900,26,2022/3/8,2022/3/22,境内关联,,omicron,BA.2,6,https://k.sina.com.cn/article_1784473157_6a5ce64502002g9gm.html#/,http://www.cangzhou.gov.cn/cangzhou/c100002/202203/d1de4f88d8b24376ab1ff5bcc25a0d17.shtml,https://new.qq.com/omn/20220320/20220320A024WV00.html,http://pf.53shop.com/m/news/show44981.html,,,,
河北省,廊坊市,131000,26,2022/5/27,2022/5/31,境内关联,北京,omicron,BA.2,,,,,,,,,
河北省,廊坊市,131000,31,2022/3/9,2022/4/1,境内关联,北京,omicron,BA.2,6,河北26日新增本土确诊病例4例 均在廊坊市-新华网 (news.cn),廊坊市第六轮全员核酸检测结果公布 (news.cn),https://baijiahao.baidu.com/s?id=1727441181151882113&wfr=spider&for=pc,,,,,
河北省,衡水市,131100,36,2022/4/20,2022/4/26,境内关联,吉林,omicron,BA.2,,https://www.163.com/dy/article/H5TN0I090550KFK4.html,,,,,,,
河南省,郑州市,410100,14,2021/7/31,2021/8/14,境外输入,俄罗斯,delta,,5,http://www.zhengzhou.gov.cn/yqfk06/5206757.jhtml,,,,,,,
河南省,郑州市,410100,20,2021/11/3,2021/11/18,境外输入,,delta,,,https://xw.qq.com/cmsid/20211108A01RYT00?pgv_ref=baidutw,,,,,,,
河南省,郑州市,410100,24,2022/1/3,2022/1/19,疑似入境航班导致,,delta,,4,https://zhuanlan.zhihu.com/p/454924867,https://www.henan.gov.cn/2022/01-17/2383847.html,,,,,,
河南省,郑州市,410100,26,2022/3/25,2022/4/4,境内关联,上海,omicron,BA.2,3,郑州发布3号通告：全市开展全员核酸检测_通知公告__河南省大数据管理局 (henan.gov.cn),今天十点！郑州开始新一轮全员核酸检测！_腾讯新闻 (qq.com),郑州发布12号通告：在郑州市域持续开展全员核酸检测_中国网 (china.com.cn),,,,,
河南省,郑州市,410100,26,2022/4/8,2022/5/25,境内关联,上海,omicron,BA.2,3,郑州发布3号通告：全市开展全员核酸检测_通知公告__河南省大数据管理局 (henan.gov.cn),今天十点！郑州开始新一轮全员核酸检测！_腾讯新闻 (qq.com),郑州发布12号通告：在郑州市域持续开展全员核酸检测_中国网 (china.com.cn),,,,,
河南省,洛阳市,410300,24,2021/12/31,2022/1/8,本土传染/本土关联,不详,delta,,1,河南疫情源头怎么来的 河南郑州、许昌疫情源头是哪里从什么地方来的_金网 (jxxjrb.cn),洛阳通报全域全员核酸检测结果_市县_河南省人民政府门户网站 (henan.gov.cn),,,,,,
河南省,平顶山市,410400,75,2022/5/6,2022/5/25,境内关联,郑州,omicron,,,https://baijiahao.baidu.com/s?id=1732528122974071818&wfr=spider&for=pc,,,,,,,
河南省,安阳市,410500,26,2022/4/8,2022/5/25,境内关联,上海,omicron,BA.2,,,,,,,,,
河南省,安阳市,410500,28,2022/1/8,2022/1/29,境内关联,天津,omicron,BA.1,0,http://www.anyang.gov.cn/2021/08-01/2177592.html,,,,,,,
河南省,焦作市,410800,26,2022/3/18,2022/3/28,境内关联,上海,omicron,BA.2,8,https://baijiahao.baidu.com/s?id=1728277092220824157&wfr=spider&for=pc,,,,,,,
河南省,濮阳市,410900,68,2022/5/3,2022/5/14,不详,,omicron,,,,,,,,,,
河南省,许昌市,411000,24,2022/1/2,2022/1/19,与郑州疫情同源,,delta,,1,https://baijiahao.baidu.com/s?id=1721173959756059362&wfr=spider&for=pc,,,,,,,
河南省,许昌市,411000,73,2022/5/3,2022/5/31,不详,,omicron,,,https://baijiahao.baidu.com/s?id=1732178278894559336&wfr=spider&for=pc,,,,,,,
河南省,漯河市,411100,26,2022/3/24,2022/4/1,境内关联,上海,omicron,BA.2,4,https://baijiahao.baidu.com/s?id=1728700620619967589&wfr=spider&for=pc,,,,,,,
河南省,漯河市,411100,26,2022/4/11,2022/4/21,境内关联,上海,omicron,BA.2,,http://www.luohe.gov.cn/sitegroup/root/html/ff8080814227052b014230753ffc0318/695ce555e96949f6a404ea345f2097ca.html,,,,,,,
河南省,商丘市,411400,59,2022/4/1,2022/4/24,本土传染/本土关联,不详,omicron,,0,,,,,,,,
河南省,信阳市,411500,26,2022/4/18,2022/4/28,境内关联,上海,omicron,BA.2,,,,,,,,,
河南省,周口市,411600,21,2021/11/3,2021/11/14,境内关联,江西,delta,,1,https://view.inews.qq.com/a/20220114A001ED00,,,,,,,
河南省,周口市,411600,26,2022/3/22,2022/4/14,境内关联,上海,omicron,BA.2,,疾控数据,,,,,,,
河南省,周口市,411600,26,2022/4/19,2022/4/25,境内关联,上海,omicron,BA.2,,疾控数据,,,,,,,
河南省,周口市,411600,26,2022/5/1,2022/5/14,境内关联,上海,omicron,BA.2,,疾控数据,,,,,,,
黑龙江省,哈尔滨市,230100,1,2020/4/9,2020/5/9,境外输入,美国,original,,,https://www.hlj.gov.cn/n200/2020/0412/c43-10923673.html,http://wsjkw.hlj.gov.cn/pages/5df84bfaf6e9fa23e8848a48?page=5,,,,,,
黑龙江省,哈尔滨市,230100,16,2021/9/21,2021/10/5,境外输入,菲律宾,delta,,2,http://www.jrxjnet.com/baike/10003.html,,,,,,,
黑龙江省,哈尔滨市,230100,22,2021/12/2,2021/12/11,境内关联,呼伦贝尔,delta,,,,,,,,,,
黑龙江省,哈尔滨市,230100,26,2022/3/8,2022/4/8,境内关联,上海,omicron,BA.2,3,https://www.sohu.com/a/533371293_172952,,,,,,,
黑龙江省,哈尔滨市,230100,26,2022/4/13,2022/5/5,境内关联,上海,omicron,BA.2,,http://news.sohu.com/a/539678115_162758,,,,,,,
黑龙江省,佳木斯市,230800,57,2022/3/27,2022/4/8,不详,汤原县,omicron,,,,,,,,,,
黑龙江省,牡丹江市,231000,26,2022/3/30,2022/4/16,境内关联,上海,omicron,BA.2,,,,,,,,,
黑龙江省,牡丹江市,231000,33,2022/1/25,2022/1/30,境外输入,进口货物,delta,AY.122,1,黑龙江绥芬河此轮疫情属德尔塔变异株 (gmw.cn),http://www.zcr.cn/zixun/2/show13691.html,https://m.gmw.cn/baijia/2022-01/27/1302781576.html,,,,,
黑龙江省,牡丹江市,231000,38,2022/2/27,2022/3/13,,,,,,,,,,,,,
黑龙江省,牡丹江市,231000,71,2022/4/30,2022/5/3,不详,,,,,,,,,,,,
黑龙江省,黑河市,231100,18,2021/10/27,2021/12/20,境外输入,,delta,,,http://www.hanjinran.com/zt/55763.html,https://m.gmw.cn/baijia/2021-11/01/1302660451.html,,,,,,
黑龙江省,黑河市,231100,35,2022/2/6,2022/3/3,境外,,omicron,,3,http://www.heihe.gov.cn/info/1396/126000.htm,https://www.sohu.com/a/521877790_121123852,https://baijiahao.baidu.com/s?id=1725175118784466333&wfr=spider&for=pc,,,,,
黑龙江省,绥化市,231200,7,2021/1/10,2021/2/6,境内关联,大连,original,,4,https://baijiahao.baidu.com/s?id=1688802621664643636&wfr=spider&for=pc,,,,,,,
湖北省,武汉市,420100,14,2021/8/2,2021/8/11,境内关联,江苏同源,delta,,3,http://wjw.wuhan.gov.cn/ztzl_28/fk/tzgg/202108/t20210803_1752858.shtml,https://www.163.com/dy/article/GGL342L90550LMMF.html,,,,,,
湖北省,武汉市,420100,26,2022/2/21,2022/3/6,境内关联,,omicron,BA.2,,https://m.gmw.cn/baijia/2022-02/28/1302824428.html,https://zhidao.baidu.com/question/1933559298834219787.html,,,,,,
湖北省,武汉市,420100,26,2022/4/1,2022/4/25,境内关联,外省密接,omicron,,,,,,,,,,
湖北省,黄石市,420200,26,2022/3/31,2022/4/5,境内关联,上海,omicron,BA.2,2,http://www.huangshi.gov.cn/ztjj/kjfd/zxdt/202204/t20220415_896444.html,,,,,,,
湖北省,鄂州市,420700,14,2021/8/5,2021/9/8,境内关联,张家界,delta,,2,http://www.ezhou.gov.cn/zt/zdzt/fzyqmy/qwtb/202108/t20210806_416679.html,http://www.ezhou.gov.cn/sy/ezyw/202108/t20210810_417354.html,http://www.ezhou.gov.cn/sy/ezyw/202108/t20210812_417849.html,https://www.0991la.com/info/69213.html,,,,
湖北省,鄂州市,420700,26,2022/3/27,2022/4/19,境内关联,上海,omicron,BA.2,,疾控数据,,,,,,,
湖北省,荆门市,420800,14,2021/8/4,2021/8/20,境内关联,,delta,,1,https://baijiahao.baidu.com/s?id=1708076398223952756&wfr=spider&for=pc,http://www.hubei.gov.cn/hbfb/szsm/202108/t20210807_3684677.shtml,,,,,,
湖北省,黄冈市,421100,14,2021/7/31,2021/8/10,境外输入,巴基斯坦,delta,,2,https://wjw.hubei.gov.cn/bmdt/dtyw/202108/t20210801_3673276.shtml,http://www.hg.gov.cn/art/2021/8/4/art_30_1472682.html,http://www.hg.gov.cn/art/2021/8/9/art_30_1475032.html,,,,,
湖北省,黄冈市,421100,26,2022/4/9,2022/4/19,境内关联,上海,omicron,BA.2,,https://cj.sina.com.cn/articles/view/5182171545/134e1a99902001awrx,,,,,,,
湖北省,咸宁市,421200,14,2021/8/5,2021/8/5,境外输入,俄罗斯,delta,,2,http://www.xianning.gov.cn/ztzl/2020zt/zxccjjezyqksmy/fkcs/202108/t20210807_2372384.shtml,,,,,,,
湖北省,随州市,421300,58,2022/3/31,2022/4/10,不详,,omicron,,,http://m.wh.bendibao.com/news/138777.shtm,,,,,,,
湖北省,张家界市,430800,14,2021/7/29,2021/8/15,境外输入,俄罗斯,delta,,11,http://finance.sina.com.cn/jjxw/2021-09-29/doc-iktzscyx7107944.shtml,https://baijiahao.baidu.com/s?id=1707161339903579495&wfr=spider&for=pc,,,,,,
湖南省,长沙市,430100,26/34,2022/3/14,2022/4/3,境内关联,深圳/上海,omicron,BA.2,,http://wsjkw.changsha.gov.cn/ztzl_1/fkxxgzbd/fkdt/202203/t20220330_10516012.html,,,,,,,
湖南省,株洲市,430200,14,2021/7/29,2021/8/7,境外输入,俄罗斯,delta,,3,http://www.zhuzhou.gov.cn/c22721/20210807/i1734593.html,,,,,,,
湖南省,邵阳市,430500,26,2022/4/18,2022/4/30,境内关联,上海,omicron,BA.2,,https://baijiahao.baidu.com/s?id=1730976655333381466&wfr=spider&for=pc,,,,,,,
湖南省,益阳市,430900,14,2021/7/30,2021/8/8,境外输入,俄罗斯,delta,,2,http://www.yiyang.gov.cn/yiyang/2/3/4/content_1428327.html,,,,,,,
湖南省,怀化市,431200,44,2022/3/4,2022/3/26,疑似境内关联,,omicron,,6,https://baijiahao.baidu.com/s?id=1728605257095053231&wfr=spider&for=pc,,,,,,,
吉林省,长春市,220100,7,2021/1/11,2021/2/2,境内关联,哈尔滨市望奎,original,,4,https://baijiahao.baidu.com/s?id=1689291259443654262&wfr=spider&for=pc,,,,,,,
吉林省,长春市,220100,36,2022/3/4,2022/5/11,境内关联,吉林,omicron,BA.2,,https://xw.qq.com/cmsid/20220314A0BHEM00,,,,,,,
吉林省,吉林市,220200,36,2022/3/1,2022/5/7,境外输入,吉林,omicron,BA.2,35,http://www.grfyw.com/baike/html/?2118.html,,,,,,,
吉林省,四平市,220300,36,2022/3/10,2022/4/8,境内关联,吉林,omicron,BA.2,15,http://www.siping.gov.cn/zw/zt/yqfk/yqtzgg/202204/t20220411_615699.html,http://www.siping.gov.cn/zw/zt/yqfk/yqdt/202203/t20220306_612992.html,,,,,,
吉林省,辽源市,220400,36,2022/3/19,2022/3/29,境内关联,吉林,omicron,BA.2,8,http://www.liaoyuan.gov.cn/ztzl/yqfkjxs/202203/t20220317_601564.html,http://www.liaoyuan.gov.cn/ztzl/yqfkjxs/202204/t20220415_605251.html,,,,,,
吉林省,通化市,220500,7,2021/1/12,2021/2/2,境内关联,哈尔滨市望奎,original,,4,https://baijiahao.baidu.com/s?id=1690271957845769850&wfr=spider&for=pc,,,,,,,
吉林省,通化市,220500,36,2022/3/7,2022/3/25,境内关联,吉林,omicron,BA.2,,,,,,,,,
吉林省,白山市,220600,36,2022/3/30,2022/4/10,境内关联,吉林,omicron,BA.2,5,http://www.cbs.gov.cn/zw/ztzl/kjyqbszxd/yqtb/202204/t20220402_717400.html,http://www.cbs.gov.cn/zw/ztzl/kjyqbszxd/yqtb/202204/t20220408_717717.html,,,,,,
吉林省,白山市,220600,36,2022/5/13,2022/5/31,境内关联,吉林,omicron,BA.2,,,,,,,,,
吉林省,松原市,220700,36,2022/3/8,2022/3/27,境内关联,吉林,omicron,BA.2,6,http://wsjkw.jlsy.gov.cn/xwzx/xqjl/202204/t20220406_463063.html,,,,,,,
吉林省,松原市,220700,36,2022/4/14,2022/4/21,境内关联,吉林,omicron,BA.2,,,,,,,,,
吉林省,白城市,220800,36,2022/3/29,2022/4/29,境内关联,吉林,omicron,BA.2,2,http://www.jlbc.gov.cn/xxgk_3148/gsgg/202204/t20220408_932324.html,http://www.jlbc.gov.cn/xxgk_3148/gsgg/202204/t20220409_932407.html,,,,,,
吉林省,延边朝鲜族自治州,222400,36,2022/3/2,2022/3/24,境内关联,吉林,omicron,BA.2,6,http://www.yanji.gov.cn/zw_2497/tzgg/202204/t20220401_377089.html,,,,,,,
吉林省,延边朝鲜族自治州,222400,36,2022/4/15,2022/5/1,境内关联,吉林,omicron,BA.2,,https://www.163.com/dy/article/H5AI6DBT0530T3TJ.html,,,,,,,
吉林省,延边朝鲜族自治州,222400,36,2022/5/11,2022/5/31,境内关联,吉林,omicron,BA.2,,,,,,,,,
江苏省,南京市,320100,14,2021/7/20,2021/8/12,境外输入,俄罗斯,delta,,7,https://m.thepaper.cn/baijiahao_13815170,http://www.njls.gov.cn/ztzl/yqfk/lsxd/202107/t20210722_3081712.html,http://www.njls.gov.cn/ztzl/yqfk/lsxd/202107/t20210726_3085022.html,http://www.njls.gov.cn/ztzl/yqfk/lsxd/202107/t20210728_3086959.html,http://www.njqxq.gov.cn/qxzx/ztzl/yqfk/qxdt/202108/t20210803_3091153.html,http://wjw.nanjing.gov.cn/gzdt/202108/t20210807_3096573.html,http://www.xwzf.gov.cn/xwqrmzf/202108/t20210820_3108473.html,http://wjw.nanjing.gov.cn/gzdt/202108/t20210814_3103085.html
江苏省,南京市,320100,26,2022/3/10,2022/4/20,境内关联,常州,omicron,BA.2,7,https://m.gmw.cn/baijia/2022-03/27/1302868309.html,https://baijiahao.baidu.com/s?id=1727465592117331477&wfr=spider&for=pc,https://www.zhihu.com/question/522022444,,,,,
江苏省,无锡市,320200,26,2022/2/15,2022/2/22,境内关联,上海,omicron,BA.2,5,http://applocal.myzaker.com/news/article.php?pk=624400ab1bc8e02d52000104,https://www.thepaper.cn/newsDetail_forward_17606459,https://new.qq.com/rain/a/20220222A046T500,,,,,
江苏省,无锡市,320200,34/49,2022/3/29,2022/5/16,境内关联,深圳/泉州,omicron,BA.2,,,,,,,,,
江苏省,徐州市,320300,26,2022/3/26,2022/4/11,境内关联,上海,omicron,BA.2,12,https://baijiahao.baidu.com/s?id=1728928905046412167&wfr=spider&for=pc,http://ws.xz.gov.cn/001/001001/20220410/6dc68733-e77d-4bd4-b79c-41b575109f34.html,https://www.163.com/dy/article/H3UQ9UND0534AAOP.html,,,,,
江苏省,徐州市,320300,26,2022/4/16,2022/5/2,境内关联,上海,omicron,BA.2,12,https://baijiahao.baidu.com/s?id=1728928905046412167&wfr=spider&for=pc,http://ws.xz.gov.cn/001/001001/20220410/6dc68733-e77d-4bd4-b79c-41b575109f34.html,https://www.163.com/dy/article/H3UQ9UND0534AAOP.html,,,,,
江苏省,常州市,320400,26,2022/3/13,2022/3/28,境内关联,上海,omicron,BA.2,5,http://www.changzhou.gov.cn/ns_news/698164711884414,http://www.changzhou.gov.cn/ns_news/591164785254396,,,,,,
江苏省,苏州市,320500,26,2022/2/10,2022/3/2,境内关联,上海,omicron,BA.2,4,https://www.suzhou.gov.cn/szsrmzf/zwgg/202202/8d0b04f81e1d40deb13956a242e23643.shtml,,,,,,,
江苏省,苏州市,320500,26,2022/3/9,2022/4/30,境内关联,上海,omicron,BA.2,3,https://www.suzhou.gov.cn/szsrmzf/zwgg/202203/62335a52505c4b1b94c85f605c58e5cd.shtml,https://www.xjnnet.com/news/chengshi/suzhou/2022-03-27/69136.html,,,,,,
江苏省,苏州市,320500,76,2022/5/6,2022/5/28,不详,,,,,,,,,,,,
江苏省,南通市,320600,26,2022/3/21,2022/4/24,境内关联,上海,omicron,BA.2,10,http://www.nantong.gov.cn/ntsrmzf/gggs/content/70521d04-be74-48b2-aabd-1aab8cb9f477.html,http://nt.bendibao.com/news/202241/52153.shtm,,,,,,
江苏省,连云港市,320700,45,2022/3/5,2022/3/26,疑似境外输入,,omicron,,14,https://m.thepaper.cn/baijiahao_17035714,,,,,,,
江苏省,盐城市,320900,26,2022/3/18,2022/4/25,境内关联,上海,omicron,BA.2,,https://www.163.com/dy/article/H3Q90I6E0514TTJI.html,,,,,,,
江苏省,扬州市,321000,14,2021/7/28,2021/8/26,境外输入,俄罗斯,delta,,17,http://www.yangzhou.gov.cn/yzfy/yzyqtg/202107/84b3773db71743d18abf7a766056153a.shtml,,,,,,,
江苏省,扬州市,321000,69,2022/4/26,2022/5/5,不详,,,,,,,,,,,,
江苏省,镇江市,321100,26,2022/3/15,2022/4/23,境内关联,上海,omicron,BA.2,0,http://wjw.zhenjiang.gov.cn/wjw/mtyq/202204/05ec6708c7954c419a2ed3df79efffdb.shtml,,,,,,,
江苏省,泰州市,321200,26,2022/3/25,2022/4/12,境内关联,上海,omicron,BA.2,6,https://view.inews.qq.com/a/20220326A06NQY00,,,,,,,
江苏省,宿迁市,321300,26,2022/3/27,2022/4/13,境内关联,外省,omicron,,17,https://www.suxinwen.cn/news/2205303,,,,,,,
江西省,南昌市,360100,26,2022/3/13,2022/5/5,境内关联,上海,omicron,BA.2,5,http://www.nc.gov.cn/qlzhyqfk/xwfbh/202203/5daff7987db34c898d45fd55931f8f0d.shtml,http://www.nc.gov.cn/qlzhyqfk/zcwj/202203/445db9ae1937422bbfb500ae833269aa.shtml,,,,,,
江西省,宜春市,360900,26,2022/3/14,2022/3/26,境内关联,杭州,omicron,BA.2,,https://www.yichun.gov.cn/ycsrmzf/gzdt/202203/47ec1edcc96042bf8d2f980e4969b0c1.shtml,https://www.zhongguojinrongtouziwang.com/yqzl/202203/221736.html,,,,,,
江西省,宜春市,360900,78,2022/5/7,2022/5/14,不详,,omicron,,,http://nc.bendibao.com/news/202257/72349.shtm,,,,,,,
江西省,抚州市,361000,26,2022/4/18,2022/5/24,境内关联,上海,omicron,BA.2,,,,,,,,,
江西省,上饶市,361100,21,2021/10/30,2021/11/14,境外输入/境内关联,,delta,,,https://m.gmw.cn/baijia/2021-11/03/1302663736.html,,,,,,,
江西省,上饶市,361100,26,2022/3/21,2022/4/7,境内关联,杭州,omicron,BA.2,0,江西上饶新增1例无症状感染者 详情公布|新冠肺炎|上饶|江西_新浪新闻 (sina.com.cn),,,,,,,
江西省,上饶市,361100,26,2022/4/20,2022/5/10,境内关联,杭州,omicron,BA.2,0,江西上饶新增1例无症状感染者 详情公布|新冠肺炎|上饶|江西_新浪新闻 (sina.com.cn),,,,,,,
辽宁省,沈阳市,210100,9,2020/12/23,2021/1/7,境外输入,韩国旅客关联,,,,https://baijiahao.baidu.com/s?id=1688736778402153039&wfr=spider&for=pc,,,,,,,
辽宁省,沈阳市,210100,14,2021/7/22,2021/7/30,境外输入,俄罗斯,delta,,2,http://www.shenyang.gov.cn/zt/fkxxgzbdgrdfyyq/qsyqtb/202112/t20211201_1755124.html,,,,,,,
辽宁省,沈阳市,210100,36,2022/3/6,2022/4/25,境内关联,吉林,omicron,BA.2,6,沈阳市本轮新冠肺炎疫情为奥密克戎变异株所引发_新闻频道_央视网(cctv.com),沈阳今日启动第五轮全员核酸检测 (news.cn),沈阳：4月4日9时起，在全市范围内开展全员核酸检测|核酸检测|疫情|沈阳市_新浪新闻 (sina.com.cn),,,,,
辽宁省,沈阳市,210100,72,2022/5/6,2022/5/23,境内关联,营口,,,,https://baijiahao.baidu.com/s?id=1699921276934677128&wfr=spider&for=pc,,,,,,,
辽宁省,大连市,210200,4,2020/7/22,2020/8/5,冷链传播,,original,,7,https://baijiahao.baidu.com/s?id=1687929109784629348&wfr=spider&for=pc,,,,,,,
辽宁省,大连市,210200,7,2020/12/15,2021/1/2,进口冷链,,original,,6,https://m.thepaper.cn/baijiahao_10745098,,,,,,,
辽宁省,大连市,210200,19,2021/11/4,2021/11/27,境外输入,冷链,delta,,5,https://m.thepaper.cn/baijiahao_15388649,,,,,,,
辽宁省,大连市,210200,36,2022/3/14,2022/4/2,境内关联,吉林,omicron,BA.2,2,大连市1例阳性感染者属于奥密克戎变异株 与天津―河南安阳关联疫情新冠病毒高度同源_杭州网 (hangzhou.com.cn),辽宁大连将开展全市第二轮全员核酸检测|疫情|辽宁省|大连市_新浪新闻 (sina.com.cn),,,,,,
辽宁省,大连市,210200,63,2022/4/11,2022/5/13,境外输入,进口货物,omicron,,,https://www.zhihu.com/question/527268184,,,,,,,
辽宁省,鞍山市,210300,36,2022/3/25,2022/4/8,境内关联,吉林,omicron,BA.2,7,https://baijiahao.baidu.com/s?id=1729364202143354314&wfr=spider&for=pc,https://www.163.com/dy/article/H6SEGPJF0537QNF2.html,http://k.sina.com.cn/article_7517400647_1c0126e47059038b45.html,,,,,
辽宁省,丹东市,210600,26,2022/4/24,2022/5/15,境内关联,上海,omicron,BA.2,,https://view.inews.qq.com/a/20220429A06OPV00?refer=wx_hot,,,,,,,
辽宁省,丹东市,210600,26,2022/5/24,2022/5/31,境内关联,上海,omicron,BA.2,,https://view.inews.qq.com/a/20220429A06OPV00?refer=wx_hot,,,,,,,
辽宁省,锦州市,210700,36,2022/3/23,2022/4/9,境内关联,吉林,omicron,BA.2,,https://m.thepaper.cn/baijiahao_17317815,,,,,,,
辽宁省,营口市,210800,36,2022/3/13,2022/4/8,境内关联,吉林,omicron,BA.2,3,http://www.yingkou.gov.cn/001/001007/001007021/001007021002/20220315/9ad13731-4d26-4fea-bb5b-51f40f57bd01.html,http://www.yingkou.gov.cn/001/001007/001007021/001007021007/20220318/d218c4fb-7c27-4365-b343-1b5fd2424e48.html,,,,,,
辽宁省,营口市,210800,72,2022/5/1,2022/5/19,不详,,,,,,,,,,,,
辽宁省,辽阳市,211000,36,2022/3/18,2022/3/30,境内关联,营口,omicron,BA.2,,,,,,,,,
辽宁省,葫芦岛市,211400,38,2022/2/8,2022/3/1,境内关联,牡丹江,delta,,3,http://www.hld.gov.cn/xwdt/zwyw/202202/t20220211_1087638.html,http://www.hld.gov.cn/xwdt/zwyw/202202/t20220216_1088330.html,,,,,,
辽宁省,葫芦岛市,211400,36,2022/3/23,2022/4/7,境内关联,吉林,omicron,BA.2,0,http://www.hldbtv.com/Item.aspx?id=157872,https://xw.qq.com/cmsid/20220324A075B900,,,,,,
内蒙古自治区,呼和浩特市,150100,37,2022/2/15,2022/3/11,境外输入,,delta,,10,https://www.gylmap.com/113371.html,http://www.huhhot.gov.cn/hhht_mobile/zwdt/zwyw/202203/t20220301_1185832.html,,,,,,
内蒙古自治区,呼和浩特市,150100,37,2022/3/17,2022/3/26,境外输入,,delta,,10,https://www.gylmap.com/113371.html,http://www.huhhot.gov.cn/hhht_mobile/zwdt/zwyw/202203/t20220301_1185832.html,,,,,,
内蒙古自治区,包头市,150200,37,2022/2/17,2022/3/6,境内关联,呼和浩特,delta,,30,https://baijiahao.baidu.com/s?id=1726734120143557968&wfr=spider&for=pc,,,,,,,
内蒙古自治区,通辽市,150500,36,2022/3/15,2022/4/7,境内关联,吉林,omicron,BA.2,9,http://wjw.tongliao.gov.cn/wjw/jcdt/2022-04/04/content_2afbb560431446498dd3f845bd7709de.shtml,,,,,,,
内蒙古自治区,呼伦贝尔市,150700,22,2021/11/27,2021/12/17,入境货物,,delta,,5,https://baijiahao.baidu.com/s?id=1717909049300960860&wfr=spider&for=pc,https://baijiahao.baidu.com/s?id=1717872029423975374&wfr=spider&for=pc,,,,,,
内蒙古自治区,锡林郭勒盟,152500,17,2021/10/13,2021/11/7,境内关联,内蒙,delta,,8,https://www.zhihu.com/tardis/sogou/ans/2186680109,,,,,,,
内蒙古自治区,阿拉善盟,152900,17,2021/10/19,2021/11/12,境内关联,,delta,21A,5,,,,,,,,
内蒙古自治州,呼伦贝尔市,150700,26,2022/4/20,2022/5/2,境内关联,上海,omicron,BA.2,,,,,,,,,
青海省,西宁市,630100,26,2022/4/3,2022/4/27,境内关联,上海,omicron,BA.2,,https://www.jxxjrb.cn/jining/zixun/2022/0412/00166097.html,,,,,,,
青海省,西宁市,630100,77,2022/5/6,2022/5/17,不详,,,,,,,,,,,,
山东省,济南市,370100,26,2022/3/29,2022/5/7,境内关联,上海,omicron,BA.2,1,最新消息：济南2例确诊初步测序为德尔塔变异株，密接44人！_腾讯新闻 (qq.com),明天，济南市开展全员核酸检测演练|新冠肺炎|济南|山东_新浪新闻 (sina.com.cn),商河3例病例病毒序列为奥密克戎BA.2！济南本轮疫情有三条传播链条 (gmw.cn),,,,,
山东省,青岛市,370200,41,2022/3/1,2022/4/2,境外输入,包裹,omicron,BA.1.1,7,http://wsjkw.qingdao.gov.cn/n28356065/n32572784/n32572818/n32572980/220408111535215888.html,https://t.ynet.cn/baijia/32313443.html,http://finance.sina.com.cn/roll/2022-07-01/doc-imizmscu9558493.shtml,,,,,
山东省,淄博市,370300,51,2022/3/8,2022/3/29,不详,,omicron,BA.2,6,https://m.thepaper.cn/baijiahao_17088940,https://www.sohu.com/a/531569770_121286927,https://baijiahao.baidu.com/s?id=1727004129380492038&wfr=spider&for=pc,,,,,
山东省,枣庄市,370400,26,2022/3/28,2022/4/7,境内关联,上海,omicron,BA.2,5,http://www.zaozhuang.gov.cn/ywdt/tzgg/202203/t20220328_1410016.html,https://www.meipian.cn/455shted,,,,,,
山东省,烟台市,370600,26,2022/3/7,2022/3/25,境内关联,上海,omicron,BA.2,7,http://m.yt.bendibao.com/news/57135.shtm,,,,,,,
山东省,烟台市,370600,66,2022/4/22,2022/5/6,不详,,omicron,BA.2.3,,https://m.gmw.cn/baijia/2022-04/25/1302916600.html,,,,,,,
山东省,潍坊市,370700,51,2022/3/11,2022/4/9,境内关联,淄博,omicron,BA.2,6,http://jn.bendibao.com/news/202242/62921.shtm,https://baijiahao.baidu.com/s?id=1727093712141379068&wfr=spider&for=pc,https://m.gmw.cn/baijia/2022-03/27/1302868231.html,,,,,
山东省,泰安市,370900,26/36,2022/3/25,2022/4/1,境内关联,吉林/上海,omicron,BA.2,5,https://view.inews.qq.com/a/20220328A07QYP00?startextras=undefined&from=ampzkqw,https://new.qq.com/omn/20220419/20220419A0C7JG00.html,http://www.taian.gov.cn/art/2022/4/2/art_46736_10310307.html,,,,,
山东省,威海市,371000,50,2022/3/7,2022/3/27,不详,,omicron,BA.2,,https://baijiahao.baidu.com/s?id=1729410988943590426&wfr=spider&for=pc,,,,,,,
山东省,威海市,371000,50,2022/3/30,2022/4/13,不详,,omicron,BA.2,,https://baijiahao.baidu.com/s?id=1729410988943590426&wfr=spider&for=pc,,,,,,,
山东省,临沂市,371300,26,2022/3/15,2022/4/30,境内关联,上海,omicron,BA.2,6,https://baijiahao.baidu.com/s?id=1727093712141379068&wfr=spider&for=pc,https://app.langya.cn/a/489532.html?opentype=1,,,,,,
山东省,德州市,371400,52,2022/3/10,2022/3/21,不详,,omicron,BA.2,3,https://baijiahao.baidu.com/s?id=1727093712141379068&wfr=spider&for=pc,https://baijiahao.baidu.com/s?id=1729364127050756428&wfr=spider&for=pc,https://baijiahao.baidu.com/s?id=1727102652725119462&wfr=spider&for=pc,,,,,
山东省,聊城市,371500,26,2022/3/12,2022/4/2,境内关联,不详,omicron,BA.2,1,最新消息！聊城新增无症状感染者为德尔塔变异株！密接87人，次密接161人！|症状|病毒|德尔塔|疾控_手机网易网 (163.com),聊城高唐无症状感染者的全基因组测序已完成 属奥密克戎变异株|新冠肺炎_新浪新闻 (sina.com.cn),聊城市启动全员核酸检测工作 (gmw.cn),,,,,
山东省,滨州市,371600,54,2022/3/11,2022/4/2,不详,三链条不同源,omicron,BA.2,2,https://baijiahao.baidu.com/s?id=1727799602147035826&wfr=spider&for=pc,,,,,,,
山西省,太原市,140100,26,2022/4/3,2022/4/27,境内关联,上海,omicron,BA.2,,https://baijiahao.baidu.com/s?id=1729444432131289882&wfr=spider&for=pc,,,,,,,
山西省,朔州市,140600,26,2022/4/13,2022/4/23,境内关联,上海,omicron,BA.2,,,,,,,,,
山西省,晋中市,140700,37,2022/2/20,2022/3/5,境内关联,临沂,delta,,,https://www.sxjz.gov.cn/sylsgd/yqfkjzzxd/zxxx/content_404354,https://www.sxjz.gov.cn/sylsgd/yqfkjzzxd/jzxd/content_404027,,,,,,
陕西省,西安市,610100,23,2021/12/12,2022/1/20,境外输入,巴基斯坦游客,delta,,2,https://baijiahao.baidu.com/s?id=1720570079515673119&wfr=spider&for=pc,,,,,,,
陕西省,西安市,610100,26,2022/3/5,2022/3/23,境内关联,上海,omicron,BA.2,,https://baijiahao.baidu.com/s?id=1726545062556984304&wfr=spider&for=pc,,,,,,,
陕西省,西安市,610100,26,2022/4/2,2022/4/21,境内关联,上海,omicron,BA.2,,https://m.gmw.cn/baijia/2022-04/09/1302891136.html,https://baijiahao.baidu.com/s?id=1729620696841901277&wfr=spider&for=pc,http://news.hsw.cn/system/2022/0409/1450948.shtml,,,,,
陕西省,铜川市,610200,26,2022/3/14,2022/3/20,境内关联,上海,omicron,BA.2,,http://www.tongchuan.gov.cn/resources/site/1/html/zxzx/tcyw/202203/645380.html,,,,,,,
陕西省,宝鸡市,610300,26,2022/3/8,2022/3/28,境内关联,上海,omicron,BA.2,2,https://baijiahao.baidu.com/s?id=1726727024091529081&wfr=spider&for=pc,https://baijiahao.baidu.com/s?id=1726727024091529081&wfr=spider&for=pc,,,,,,
陕西省,咸阳市,610400,23,2021/12/2,2022/1/2,境外输入,,delta,,6,https://m.gmw.cn/baijia/2022-01/05/1302750509.html,http://k.sina.com.cn/article_7517400647_1c0126e4705901w0c0.html,,,,,,
陕西省,汉中市,610700,26,2022/3/8,2022/3/19,境内关联,上海,omicron,BA.2,12,https://www.sohu.com/a/529943827_351305,http://www.htq.gov.cn/hzshtqzf/xwzx/gsgg/202203/51afac1064074f3aa1dc340050cf1a71.shtml,,,,,,
上海市,上海市,310000,21,2021/11/25,2021/12/7,与境外飞机接触/境内关联/疑似与北京既往病例轨迹有交集,,delta,,,https://zhuanlan.zhihu.com/p/441665907,http://finance.sina.com.cn/wm/2020-12-07/doc-iiznezxs5693389.shtml,,,,,,
上海市,上海市,310000,26,2022/2/26,2022/5/31,境外输入,不详,omicron,BA.2,13,上海公布1月24日确诊本土病例溯源结果：奥密克戎变异株_浦江头条_澎湃新闻-The Paper,上海13轮核酸已检测超2亿人次|上海市_新浪财经_新浪网 (sina.com.cn),,,,,,
四川省,成都市,510100,17,2021/11/2,2021/11/13,境内关联,西北,delta,,,https://t.ynet.cn/baijia/31702581.html,,,,,,,
四川省,成都市,510100,26,2022/2/20,2022/3/4,境内关联,,omicron,,2,http://sdkb.dzwww.com/mf/detail?aid=3atlio5s&mid=ab8077a78e0dd515:1203389&ct=NEWS&tk=3atlio5s&origin=nonList,,,,,,,
四川省,成都市,510100,26,2022/3/28,2022/4/14,境内关联,上海,omicron,BA.2,2,https://m.gmw.cn/baijia/2022-04/03/1302880505.html,,,,,,,
四川省,乐山市,511100,26,2022/3/30,2022/4/8,境内关联,上海,omicron,BA.2,0,https://www.leshan.gov.cn/lsswszf/tzgg/202204/deebd400c31a4b3d840d28996d2a7c8e.shtml,,,,,,,
四川省,乐山市,511100,26,2022/5/12,2022/5/21,境内关联,广安,omicron,BA.2.2,,https://view.inews.qq.com/a/20220524A03G1G00,,,,,,,
四川省,广安市,511600,26,2022/5/9,2022/5/31,境内关联,上海,omicron,BA.2.2,,https://www.163.com/dy/article/H7L3TJKT0550HKO5.html,https://view.inews.qq.com/a/20220524A03G1G00,https://www.163.com/dy/article/H7L3TJKT0550HKO5.html,,,,,
天津市,天津市,120000,6,2020/11/8,2020/12/4,境外输入,冷链,original,,,https://baijiahao.baidu.com/s?id=1682896568603555579&wfr=spider&for=pc,,,,,,,
天津市,天津市,120000,28,2022/1/8,2022/2/12,境外输入,不详,omicron,BA.1&BA.2,2,https://baijiahao.baidu.com/s?id=1721517022621830724&wfr=spider&for=pc,天津27日将开展全员核酸检测，未参加居民健康码将变为橙码|天津市|疫情|新冠肺炎_新浪新闻 (sina.com.cn),https://baijiahao.baidu.com/s?id=1725828032982860842&wfr=spider&for=pc,,,,,
天津市,天津市,120000,28,2022/3/7,2022/4/9,境外输入,不详,omicron,BA.1&BA.2,2,https://baijiahao.baidu.com/s?id=1721517022621830724&wfr=spider&for=pc,天津27日将开展全员核酸检测，未参加居民健康码将变为橙码|天津市|疫情|新冠肺炎_新浪新闻 (sina.com.cn),https://baijiahao.baidu.com/s?id=1725828032982860842&wfr=spider&for=pc,,,,,
天津市,天津市,120000,79,2022/5/12,2022/5/30,境外输入,冷链传播,omicron,BA.2,,http://www.tj.gov.cn/sy/ztzl/tjsfyyqfkzt/yqdt/202205/t20220516_5882626.html,https://baijiahao.baidu.com/s?id=1733036409411767506&wfr=spider&for=pc,,,,,,
新疆维吾尔自治区,乌鲁木齐市,650100,3,2020/7/15,2020/8/15,疑似境外输入,,original,,6,,,,,,,,
新疆维吾尔自治区,乌鲁木齐市,650100,26,2022/3/29,2022/4/10,境内关联,上海,omicron,BA.2,7,https://www.163.com/dy/article/H45OI6A90515GFNQ.html,http://www.wlmq.gov.cn/zzcc/qwfb/503800.htm,,,,,,
新疆维吾尔自治区,乌鲁木齐市,650100,26,2022/4/27,2022/5/6,境内关联,上海,omicron,BA.2,,https://baijiahao.baidu.com/s?id=1731547347259698375&wfr=spider&for=pc,,,,,,,
新疆维吾尔自治区,乌鲁木齐市,650100,26,2022/5/24,2022/5/31,境内关联,上海,omicron,BA.2,,https://xw.qq.com/cmsid/20220531A01UC800,https://news.dayoo.com/society/202205/29/140000_54276381.htm,,,,,,
新疆维吾尔自治区,巴音郭楞蒙古自治州,652800,26,2022/3/30,2022/4/5,境内关联,乌鲁木齐,omicron,BA.2,5,https://tnews.xjmty.com/app/slyapp/yw/202204/t20220402_5951789.html?diggurl=http://st-app.xjmty.com/open/digg/index&amp;cid=5951789&amp;aid=1&amp;sid=10001&amp;action=like&amp;digg=,https://tnews.xjmty.com/app/slyapp/yw/202204/t20220402_5951726.html?diggurl=http://st-app.xjmty.com/open/digg/index&amp;cid=5951726&amp;aid=1&amp;sid=10001&amp;action=like&amp;digg=,,,,,,
新疆维吾尔自治区,喀什地区,653100,5,2020/10/24,2020/11/6,疑似冷链传播,,original,,5,https://baijiahao.baidu.com/s?id=1684575429886616426&wfr=spider&for=pc,,,,,,,
新疆维吾尔自治区,伊犁哈萨克自治州,654000,32,2022/1/23,2022/1/29,境外输入,不详,omicron,,0,https://finance.gucheng.com/202201/4150670.shtml,,,,,,,
云南省,昆明市,530100,26,2022/3/7,2022/4/3,境内关联,,omicron,BA.2,,,,,,,,,
云南省,普洱市,530800,61,2022/4/9,2022/4/18,境外输入,中缅边境,,,,,,,,,,,
云南省,临沧市,530900,43,2022/2/23,2022/3/15,境外输入,中缅边境,omicron,BA.2,,https://new.qq.com/omn/20220302/20220302A01Q3G00.html,,,,,,,
云南省,红河哈尼族彝族自治州,532500,40,2022/2/17,2022/3/3,不详,,omicron,BA.2,,https://www.163.com/dy/article/H0MNCP650534MX7W.html,,,,,,,
云南省,红河哈尼族彝族自治州,532500,82,2022/3/13,2022/4/8,不详,,,,,,,,,,,,
云南省,红河哈尼族彝族自治州,532500,65,2022/4/19,2022/5/2,不详,,,,,,,,,,,,
云南省,文山壮族苗族自治州,532600,62,2022/4/9,2022/4/28,境内关联,马关县,,,,http://k.sina.com.cn/article_1389537561_52d2a919020010sth.html,,,,,,,
云南省,德宏傣族景颇族自治州,533100,11,2021/3/30,2021/4/21,境外输入,,original,,3,https://baijiahao.baidu.com/s?id=1695981371927319587&wfr=spider&for=pc,,,,,,,
云南省,德宏傣族景颇族自治州,533100,13,2021/7/4,2021/8/13,境外输入,缅甸,delta,,2,http://ynswsjkw.yn.gov.cn/web/doc/UU162544051513994078,http://www.dh.gov.cn/Web/_F0_ZE9889FEEF67ABAF0001C2_4MU788R5A9571723A82E47C299.htm,http://www.dh.gov.cn/Web/_F0_ZE9889FEEF67ABAF0001C2_4N8I6LMXBB172B4C085D438781.htm,,,,,
云南省,德宏傣族景颇族自治州,533100,17,2021/10/1,2021/12/10,境外输入,,delta,,,https://baijiahao.baidu.com/s?id=1717272495126450216&wfr=spider&for=pc,https://www.163.com/dy/article/GNM3J5L205129QAF.html,,,,,,
云南省,德宏傣族景颇族自治州,533100,39,2022/2/16,2022/4/9,境外输入,不详,omicron,,2,https://m.gmw.cn/baijia/2022-03/06/1302831828.html,,,,,,,
浙江省,杭州市,330100,21,2021/12/7,2021/12/19,境内关联,,delta,AY.4,3,https://baijiahao.baidu.com/s?id=1718919023620164366&wfr=spider&for=pc,https://baijiahao.baidu.com/s?id=1718587438290040237&wfr=spider&for=pc,,,,,,
浙江省,杭州市,330100,26,2022/3/5,2022/5/14,境内关联,上海,omicron,BA.2,,,,,,,,,
浙江省,杭州市,330100,30,2022/1/26,2022/2/3,境外输入,不详,omicron,BA.1,0,http://wsjkw.hangzhou.gov.cn/art/2022/1/26/art_1229494068_58929249.html,,,,,,,
浙江省,宁波市,330200,21,2021/12/6,2021/12/18,境内关联,上海/江苏,delta,AY.4,2,https://baijiahao.baidu.com/s?id=1718957801391667014&wfr=spider&for=pc,https://baijiahao.baidu.com/s?id=1718957801391667014&wfr=spider&for=pc,,,,,,
浙江省,绍兴市,330600,21,2021/12/7,2021/12/27,境内关联,上海/江苏,delta,AY.4,7,https://baijiahao.baidu.com/s?id=1718587438290040237&wfr=spider&for=pc,,,,,,,
浙江省,宁波市,330200,25,2022/1/1,2022/1/8,境外输入,不详,delta,AY.57,0,浙江宁波北仑区新增6例确诊，溯源查清！-健康界 (cn-healthcare.com),https://www.feelcn.com/article/589684.html,,,,,,
浙江省,绍兴市,330600,26,2022/3/30,2022/4/29,境内关联,上海,omicron,BA.2,,https://baijiahao.baidu.com/s?id=1718587438290040237&wfr=spider&for=pc,,,,,,,
浙江省,宁波市,330200,26,2022/3/28,2022/4/16,境内关联,上海,omicron,BA.2,,https://baijiahao.baidu.com/s?id=1730005103868741871&wfr=spider&for=pc,,,,,,,
浙江省,宁波市,330200,26,2022/4/22,2022/5/8,境内关联,上海,omicron,BA.2,,https://baijiahao.baidu.com/s?id=1730005103868741871&wfr=spider&for=pc,,,,,,,
浙江省,嘉兴市,330400,26,2022/3/11,2022/5/12,境内关联,上海,omicron,BA.2,,https://baijiahao.baidu.com/s?id=1728821572559021249&wfr=spider&for=pc,,,,,,,
浙江省,湖州市,330500,26,2022/3/8,2022/4/4,境内关联,上海,omicron,BA.2,3,http://www.huzhou.gov.cn/art/2022/4/7/art_1229213491_59051479.html,,,,,,,
浙江省,金华市,330700,26,2022/3/26,2022/5/7,境内关联,上海,omicron,BA.2,0,http://k.sina.com.cn/article_5182171545_134e1a99902001b9ll.html,https://www.163.com/dy/article/H5J1J2BT05149FJ6.html,,,,,,
浙江省,衢州市,330800,26,2022/3/7,2022/3/24,境内关联,,omicron,BA.2&BA.1,6,https://baijiahao.baidu.com/s?id=1727728420281821251&wfr=spider&for=pc,https://baijiahao.baidu.com/s?id=1727627558367617114&wfr=spider&for=pc,https://m.gmw.cn/baijia/2022-03/16/1302847739.html,,,,,
浙江省,台州市,331000,26,2022/4/12,2022/5/16,境内关联,上海,omicron,BA.2,,https://baijiahao.baidu.com/s?id=1728985717908463293&wfr=spider&for=pc,,,,,,,
浙江省,丽水市,331100,26,2022/3/28,2022/4/9,境内关联,上海,omicron,BA.2,3,http://m.lishui.bendibao.com/news/833.shtm?src=people,https://m.thepaper.cn/baijiahao_17573304,,,,,,
浙江省,丽水市,331100,70,2022/4/26,2022/5/5,不详,,omicron,,,https://baijiahao.baidu.com/s?id=1731405159933164259&wfr=spider&for=pc,,,,,,,
重庆市,重庆市,500000,26/36,2022/3/12,2022/3/22,境内关联,上海/吉林,omicron,BA.2,8,https://baijiahao.baidu.com/s?id=1727608044832718455&wfr=spider&for=pc,http://cq.bendibao.com/news/2021113/102548.shtm,http://www.yunyangwang.com/content/2022-03/14/content_10321095.html,,,,,
重庆市,重庆市,500000,26/36,2022/3/29,2022/4/4,境内关联,上海/吉林,omicron,BA.2,8,https://baijiahao.baidu.com/s?id=1727608044832718455&wfr=spider&for=pc,http://cq.bendibao.com/news/2021113/102548.shtm,http://www.yunyangwang.com/content/2022-03/14/content_10321095.html,,,,,
